REFTYPE,SESSION_IDENTIFIER,FRAME,WORLDPOSX,WORLDPOSY,WORLDPOSZ
LEFT,18118509207215334066,899,155.77452087402344,428.919189453125,2.7538371086120605
LEFT,18118509207215334066,1195,390.0188293457031,200.6631317138672,2.6944684982299805
LEFT,18118509207215334066,1196,390.1783142089844,200.3082427978516,2.695260524749756
LEFT,18118509207215334066,1198,390.4783935546875,199.5894470214844,2.696532964706421
LEFT,18118509207215334066,1200,390.7954406738281,198.73501586914065,2.698336362838745
LEFT,18118509207215334066,1205,391.41741943359375,196.58937072753903,2.702759027481079
LEFT,18118509207215334066,1227,391.5257873535156,187.0701446533203,2.7291369438171387
LEFT,18118509207215334066,1228,391.4330749511719,186.68161010742188,2.7303266525268555
LEFT,18118509207215334066,1232,390.9549560546875,185.0858459472656,2.7359182834625244
LEFT,18118509207215334066,1234,390.6510009765625,184.27777099609372,2.737623453140259
LEFT,18118509207215334066,1235,390.5108337402344,183.939697265625,2.738525629043579
LEFT,18118509207215334066,1236,390.31640625,183.4967498779297,2.740025281906128
LEFT,18118509207215334066,1237,390.1646423339844,183.16793823242188,2.7410242557525635
LEFT,18118509207215334066,1241,389.62982177734375,182.09228515625,2.743345022201538
LEFT,18118509207215334066,1242,389.4610595703125,181.7730712890625,2.7441394329071045
LEFT,18118509207215334066,1244,389.1126098632813,181.13548278808597,2.745875120162964
LEFT,18118509207215334066,1246,388.8699951171875,180.70458984375,2.7469482421875
LEFT,18118509207215334066,1248,388.6867370605469,180.38442993164065,2.748036623001098
LEFT,18118509207215334066,1186,388.4019775390625,203.61964416503903,2.6828410625457764
LEFT,18118509207215334066,1190,389.26025390625,202.16555786132807,2.689697742462158
LEFT,18118509207215334066,1175,386.1566467285156,206.7954559326172,2.6759629249572754
LEFT,18118509207215334066,1177,386.7042846679688,206.0782470703125,2.676278591156006
LEFT,18118509207215334066,1180,387.4645385742188,205.02828979492188,2.6786880493164062
LEFT,18118509207215334066,1184,387.9059753417969,204.383544921875,2.681513786315918
LEFT,18118509207215334066,1149,379.6632080078125,213.87478637695312,2.6476263999938965
LEFT,18118509207215334066,1230,391.2271423339844,185.9285125732422,2.733311891555786
LEFT,18118509207215334066,1233,390.82855224609375,184.7358245849609,2.736907482147217
LEFT,18118509207215334066,1239,389.7949523925781,182.412841796875,2.742689609527588
LEFT,18118509207215334066,1243,389.2885437011719,181.4542999267578,2.7449426651000977
LEFT,18118509207215334066,1189,389.0703125,202.50503540039065,2.688231945037842
LEFT,18118509207215334066,1191,389.4451599121094,201.82298278808597,2.6909291744232178
LEFT,18118509207215334066,1193,389.6824645996094,201.3628387451172,2.6926729679107666
LEFT,18118509207215334066,1203,391.2220153808594,197.35850524902344,2.70096206665039
LEFT,18118509207215334066,1204,391.32318115234375,196.9752655029297,2.7018284797668457
LEFT,18118509207215334066,1206,391.5052795410156,196.1995849609375,2.7035067081451416
LEFT,18118509207215334066,1207,391.6118469238281,195.6740264892578,2.704785108566284
LEFT,18118509207215334066,1216,391.9974670410156,192.11349487304688,2.7158427238464355
LEFT,18118509207215334066,1219,391.9850463867188,190.5452117919922,2.7197539806365967
LEFT,18118509207215334066,1221,391.9165649414063,189.5415802001953,2.7223451137542725
LEFT,18118509207215334066,1225,391.6886596679688,187.8677978515625,2.726835250854492
LEFT,18118509207215334066,872,123.1979522705078,460.5480041503906,2.965482711791992
LEFT,18118509207215334066,873,124.3796615600586,459.4074401855469,2.956876039505005
LEFT,18118509207215334066,876,128.32589721679688,455.59185791015625,2.943134069442749
LEFT,18118509207215334066,878,131.09007263183594,452.9122314453125,2.9262771606445312
LEFT,18118509207215334066,886,139.00729370117188,445.2153930664063,2.8723936080932617
LEFT,18118509207215334066,890,144.17230224609375,440.1871948242188,2.812603712081909
LEFT,18118509207215334066,892,146.56402587890625,437.861328125,2.798423290252685
LEFT,18118509207215334066,895,150.56092834472656,433.9780883789063,2.780379295349121
LEFT,18118509207215334066,897,153.36575317382812,431.255126953125,2.76365065574646
LEFT,18118509207215334066,1208,391.683837890625,195.2761688232422,2.705843925476074
LEFT,18118509207215334066,1211,391.8737487792969,193.92337036132807,2.709709882736206
LEFT,18118509207215334066,1215,391.9817504882813,192.5357666015625,2.7144405841827397
LEFT,18118509207215334066,1217,392.0060119628906,191.54653930664065,2.71734356880188
LEFT,18118509207215334066,1218,392.0027160644531,191.11851501464844,2.718561172485352
LEFT,18118509207215334066,1220,391.9615783691406,190.1145477294922,2.7207164764404297
LEFT,18118509207215334066,1223,391.8196716308594,188.6932830810547,2.7244772911071777
LEFT,18118509207215334066,1224,391.7583618164063,188.27723693847656,2.72560453414917
LEFT,18118509207215334066,1229,391.33343505859375,186.30137634277344,2.7317471504211426
LEFT,18118509207215334066,1231,391.1145324707031,185.5628204345703,2.734592914581299
LEFT,18118509207215334066,1238,389.9562377929688,182.73532104492188,2.742149353027344
LEFT,18118509207215334066,887,140.59420776367188,443.6702880859375,2.8569793701171875
LEFT,18118509207215334066,888,141.78659057617188,442.50927734375,2.840261220932007
LEFT,18118509207215334066,1140,377.349853515625,216.1690673828125,2.635655641555786
LEFT,18118509207215334066,1143,377.977783203125,215.54879760742188,2.638492584228516
LEFT,18118509207215334066,1144,378.244873046875,215.28392028808597,2.639265298843384
LEFT,18118509207215334066,1148,379.3975830078125,214.1391143798828,2.646538019180298
LEFT,18118509207215334066,1659,579.7080688476562,-140.7463836669922,3.215275287628174
LEFT,18118509207215334066,1663,583.637451171875,-145.4022979736328,3.196495056152344
LEFT,18118509207215334066,1667,587.83837890625,-150.45213317871094,3.179868459701538
LEFT,18118509207215334066,1670,590.8330688476562,-154.08001708984375,3.1624910831451416
LEFT,18118509207215334066,1672,592.9235229492188,-156.62762451171875,3.1484835147857666
LEFT,18118509207215334066,1677,597.0923461914062,-161.74734497070312,3.1352009773254395
LEFT,18118509207215334066,1679,599.1694946289062,-164.32089233398438,3.12398362159729
LEFT,18118509207215334066,1365,369.0650329589844,106.21543884277344,2.6025161743164062
LEFT,18118509207215334066,1369,369.4448852539063,102.64785766601562,2.6124355792999268
LEFT,18118509207215334066,1376,370.3194274902344,96.67975616455078,2.62872576713562
LEFT,18118509207215334066,1378,370.641357421875,94.87629699707033,2.6365201473236084
LEFT,18118509207215334066,1385,371.9787292480469,88.59297943115234,2.6538877487182617
LEFT,18118509207215334066,1389,372.9953918457031,84.7007064819336,2.6608829498291016
LEFT,18118509207215334066,1392,373.60736083984375,82.61019897460938,2.669769525527954
LEFT,18118509207215334066,1393,373.8834533691406,81.71626281738281,2.67456579208374
LEFT,18118509207215334066,1404,376.7428283691406,73.73999786376953,2.713545560836792
LEFT,18118509207215334066,1405,377.1019287109375,72.86201477050781,2.7170441150665283
LEFT,18118509207215334066,1408,378.3536987304688,69.953369140625,2.735128164291382
LEFT,18118509207215334066,1654,575.4482421875,-135.7781982421875,3.2361531257629395
LEFT,18118509207215334066,1655,576.66796875,-137.1919403076172,3.231042861938477
LEFT,18118509207215334066,1328,370.2942810058594,136.84889221191406,2.520383834838867
LEFT,18118509207215334066,1329,370.15667724609375,136.10792541503906,2.5191891193389893
LEFT,18118509207215334066,1332,369.8524169921875,134.35545349121094,2.5210986137390137
LEFT,18118509207215334066,1337,369.2553405761719,130.24346923828125,2.533192873001098
LEFT,18118509207215334066,1342,368.8661193847656,126.5191421508789,2.541839838027954
LEFT,18118509207215334066,1344,368.7427978515625,124.89022827148438,2.5472238063812256
LEFT,18118509207215334066,1347,368.596435546875,122.13351440429688,2.5574307441711426
LEFT,18118509207215334066,1348,368.5666809082031,121.29611206054688,2.560632705688477
LEFT,18118509207215334066,1351,368.5230407714844,119.3272476196289,2.56685471534729
LEFT,18118509207215334066,1352,368.5155334472656,118.47659301757812,2.568807363510132
LEFT,18118509207215334066,1335,369.462158203125,131.8040008544922,2.5298006534576416
LEFT,18118509207215334066,1338,369.1604309082031,129.45510864257812,2.534579038619995
LEFT,18118509207215334066,1341,368.9631042480469,127.59473419189452,2.5390372276306152
LEFT,18118509207215334066,1142,377.619873046875,215.90255737304688,2.6372103691101074
LEFT,18118509207215334066,1145,378.5113525390625,215.01976013183597,2.6402173042297363
LEFT,18118509207215334066,1146,378.77740478515625,214.75572204589844,2.642164468765259
LEFT,18118509207215334066,1147,379.0434265136719,214.49139404296875,2.644246816635132
LEFT,18118509207215334066,1150,379.9285583496094,213.6102752685547,2.648990631103516
LEFT,18118509207215334066,1157,381.693359375,211.83596801757807,2.660388231277466
LEFT,18118509207215334066,1159,382.22119140625,211.29611206054688,2.663081407546997
LEFT,18118509207215334066,1167,384.2834167480469,209.0655059814453,2.6726040840148926
LEFT,18118509207215334066,1575,503.2388610839844,-57.42523193359375,3.3301093578338623
LEFT,18118509207215334066,1578,505.1004943847656,-59.31297302246094,3.338165044784546
LEFT,18118509207215334066,1580,507.2638244628906,-61.53134536743164,3.3475329875946045
LEFT,18118509207215334066,1583,510.3458862304688,-64.73004913330078,3.3615715503692627
LEFT,18118509207215334066,1591,517.4028930664062,-72.18035125732422,3.394393920898437
LEFT,18118509207215334066,1599,525.3851318359375,-80.71329498291016,3.419273376464844
LEFT,18118509207215334066,1603,529.7035522460938,-85.33161926269531,3.419853448867798
LEFT,18118509207215334066,1608,533.7382202148438,-89.62754821777344,3.4134726524353027
LEFT,18118509207215334066,1609,534.9843139648438,-90.95130920410156,3.4101383686065674
LEFT,18118509207215334066,1168,384.5343933105469,208.7765655517578,2.673250913619995
LEFT,18118509207215334066,1170,385.1120910644531,208.0941162109375,2.6738195419311523
LEFT,18118509207215334066,1174,385.9188537597656,207.09878540039065,2.6754472255706787
LEFT,18118509207215334066,1424,385.6176452636719,56.11405944824219,2.760239601135254
LEFT,18118509207215334066,1429,388.6018981933594,51.54754257202149,2.779017210006714
LEFT,18118509207215334066,1432,389.9002075195313,49.71210479736328,2.7895681858062744
LEFT,18118509207215334066,1434,390.4675903320313,48.93424606323242,2.7929840087890625
LEFT,18118509207215334066,1443,395.6635437011719,42.39101028442383,2.8217692375183105
LEFT,18118509207215334066,1449,399.7335205078125,37.82530975341797,2.849114894866944
LEFT,18118509207215334066,1377,370.47650146484375,95.78173828125,2.632851839065552
LEFT,18118509207215334066,1381,371.047119140625,92.78841400146484,2.6417717933654785
LEFT,18118509207215334066,1383,371.49267578125,90.69087982177734,2.648325204849243
LEFT,18118509207215334066,1387,372.4289855957031,86.79549407958984,2.6566920280456543
LEFT,18118509207215334066,1391,373.339599609375,83.50515747070312,2.665300130844116
LEFT,18118509207215334066,1396,374.9663391113281,78.45024871826172,2.690582752227783
LEFT,18118509207215334066,1400,376.0491333007813,75.49994659423828,2.705721855163574
LEFT,18118509207215334066,1406,377.46923828125,71.98535919189453,2.721404790878296
LEFT,18118509207215334066,1407,377.9689331054688,70.82464599609375,2.7284321784973145
LEFT,18118509207215334066,1409,378.7445983886719,69.08587646484375,2.741130828857422
LEFT,18118509207215334066,1425,386.2975158691406,55.0255241394043,2.7624549865722656
LEFT,18118509207215334066,6121,127.84263610839844,455.8820495605469,2.9236788749694824
LEFT,18118509207215334066,6122,129.42706298828125,454.3533630371094,2.9219353199005127
LEFT,18118509207215334066,6123,130.99050903320312,452.8411254882813,2.918200969696045
LEFT,18118509207215334066,6124,133.0364990234375,450.8548278808594,2.906928539276123
LEFT,18118509207215334066,6126,134.5445556640625,449.38427734375,2.894505500793457
LEFT,18118509207215334066,6127,136.026123046875,447.9327087402344,2.8827145099639893
LEFT,18118509207215334066,6128,137.48123168945312,446.49896240234375,2.873455286026001
LEFT,18118509207215334066,6129,138.9110107421875,445.08203125,2.865264654159546
LEFT,18118509207215334066,6130,140.77801513671875,443.2196044921875,2.8502893447875977
LEFT,18118509207215334066,963,237.56756591796875,350.3084716796875,2.211214303970337
LEFT,18118509207215334066,965,240.50714111328125,347.452392578125,2.1957600116729736
LEFT,18118509207215334066,968,244.71324157714844,343.3702392578125,2.1613922119140625
LEFT,18118509207215334066,971,247.2445068359375,340.9174194335937,2.140310049057007
LEFT,18118509207215334066,972,248.932861328125,339.2836303710937,2.12500524520874
LEFT,18118509207215334066,973,250.20248413085935,338.0565795898437,2.112999677658081
LEFT,18118509207215334066,974,251.895751953125,336.4212341308594,2.097842216491699
LEFT,18118509207215334066,975,253.1673583984375,335.1941833496094,2.085693597793579
LEFT,18118509207215334066,976,254.8662872314453,333.55792236328125,2.066261053085327
LEFT,18118509207215334066,977,256.1408386230469,332.33184814453125,2.051830530166626
LEFT,18118509207215334066,981,258.696533203125,329.87969970703125,2.038102626800537
LEFT,18118509207215334066,982,259.977294921875,328.65264892578125,2.037407398223877
LEFT,18118509207215334066,984,262.9644470214844,325.7936096191406,2.0248167514801025
LEFT,18118509207215334066,985,264.2489624023437,324.5636291503906,2.0127594470977783
LEFT,18118509207215334066,991,271.5327453613281,317.6036376953125,1.974703311920166
LEFT,18118509207215334066,938,206.15982055664065,380.4652404785156,2.397056818008423
LEFT,18118509207215334066,941,209.08413696289065,377.6844787597656,2.393090009689331
LEFT,18118509207215334066,942,210.33901977539065,376.4910888671875,2.388798952102661
LEFT,18118509207215334066,944,213.2677154541016,373.7034912109375,2.36419939994812
LEFT,18118509207215334066,945,214.52479553222656,372.5062255859375,2.356301784515381
LEFT,18118509207215334066,947,217.4568634033203,369.7092895507813,2.3398988246917725
LEFT,18118509207215334066,949,220.3914337158203,366.9031066894531,2.3131768703460693
LEFT,18118509207215334066,869,120.44163513183594,463.20611572265625,2.9919278621673584
LEFT,18118509207215334066,1631,556.4054565429688,-114.19139862060548,3.3269057273864746
LEFT,18118509207215334066,1633,558.2531127929688,-116.2550277709961,3.318469762802124
LEFT,18118509207215334066,1643,568.7083129882812,-128.05020141601562,3.266562461853028
LEFT,18118509207215334066,1649,571.7756958007812,-131.5510711669922,3.2520735263824463
LEFT,18118509207215334066,1652,573.6150512695312,-133.6617889404297,3.243824958801269
LEFT,18118509207215334066,1653,574.5330200195312,-134.72023010253906,3.2399260997772217
LEFT,18118509207215334066,1611,536.8563842773438,-92.93863677978516,3.406376361846924
LEFT,18118509207215334066,1612,538.1062622070312,-94.2665786743164,3.403717041015625
LEFT,18118509207215334066,1618,543.0969848632812,-99.5969467163086,3.390363931655884
LEFT,18118509207215334066,1623,548.068359375,-104.98260498046876,3.3710973262786865
LEFT,18118509207215334066,1625,550.234375,-107.35608673095705,3.3604698181152344
LEFT,18118509207215334066,1280,380.90667724609375,166.8788299560547,2.7503421306610107
LEFT,18118509207215334066,1284,380.0517272949219,165.2435760498047,2.735140800476074
LEFT,18118509207215334066,1359,368.6570129394531,112.12176513671876,2.5832998752593994
LEFT,18118509207215334066,6131,142.15286254882812,441.8394775390625,2.835288047790528
LEFT,18118509207215334066,1051,332.88397216796875,259.3314819335937,2.0825910568237305
LEFT,18118509207215334066,1054,335.776611328125,256.55645751953125,2.104954719543457
LEFT,18118509207215334066,1056,337.3292236328125,255.0625762939453,2.119788408279419
LEFT,18118509207215334066,1057,338.354248046875,254.07395935058597,2.129457712173462
LEFT,18118509207215334066,1356,368.5590515136719,114.7440414428711,2.5749635696411133
LEFT,18118509207215334066,6120,125.6850814819336,457.9592895507813,2.9295332431793213
LEFT,18118509207215334066,1058,339.1173400878906,253.3364715576172,2.136467456817627
LEFT,18118509207215334066,1059,340.1289978027344,252.3572540283203,2.147407054901123
LEFT,18118509207215334066,1062,342.3719787597656,250.18069458007807,2.179509162902832
LEFT,18118509207215334066,1064,344.0756530761719,248.5224609375,2.2085278034210205
LEFT,18118509207215334066,1066,345.4991760253906,247.133544921875,2.233069896697998
LEFT,18118509207215334066,1067,346.19464111328125,246.4535980224609,2.243211269378662
LEFT,18118509207215334066,1068,346.8795471191406,245.7833251953125,2.25242280960083
LEFT,18118509207215334066,1036,321.9418029785156,269.7901916503906,2.028625726699829
LEFT,18118509207215334066,1297,376.60003662109375,157.8572540283203,2.659727096557617
LEFT,18118509207215334066,1299,376.0344848632813,156.49679565429688,2.651851892471313
LEFT,18118509207215334066,1301,375.47998046875,155.1096649169922,2.642529010772705
LEFT,18118509207215334066,1309,373.54827880859375,149.7169647216797,2.595883369445801
LEFT,18118509207215334066,1314,372.7458801269531,147.10415649414062,2.574908971786499
LEFT,18118509207215334066,1319,371.7084655761719,143.2720489501953,2.5543017387390137
LEFT,18118509207215334066,1322,371.3691101074219,141.88333129882812,2.547673225402832
LEFT,18118509207215334066,1323,371.1506042480469,140.94683837890625,2.542362689971924
LEFT,18118509207215334066,1326,370.6316223144531,138.55938720703125,2.526768207550049
LEFT,18118509207215334066,6117,120.1009521484375,463.3297119140625,2.997575283050537
LEFT,18118509207215334066,6118,122.3647689819336,461.1526489257813,2.966238498687744
LEFT,18118509207215334066,6119,124.0387954711914,459.542724609375,2.9440956115722656
LEFT,18118509207215334066,1331,369.97991943359375,135.11029052734375,2.5198490619659424
LEFT,18118509207215334066,1333,369.7298889160156,133.5970001220703,2.5238938331604004
LEFT,18118509207215334066,1256,387.1472778320313,177.78314208984375,2.7566792964935303
LEFT,18118509207215334066,1261,385.9015197753906,175.68492126464844,2.764178991317749
LEFT,18118509207215334066,1269,383.8536682128906,172.17124938964844,2.7696666717529297
LEFT,18118509207215334066,1276,381.9295349121094,168.7679443359375,2.7606701850891118
LEFT,18118509207215334066,1278,381.4193115234375,167.8330535888672,2.7576918601989746
LEFT,18118509207215334066,1282,380.5651550292969,166.2321319580078,2.7440147399902344
LEFT,18118509207215334066,1287,379.1939086914063,163.53977966308594,2.707977294921875
LEFT,18118509207215334066,1290,378.2589111328125,161.5885467529297,2.6900854110717773
LEFT,18118509207215334066,1295,377.1744384765625,159.18948364257812,2.670536994934082
LEFT,18118509207215334066,1441,394.2174682617188,44.11708068847656,2.816014528274536
LEFT,18118509207215334066,1123,372.10162353515625,221.2965545654297,2.603636741638184
LEFT,18118509207215334066,1125,372.8401794433594,220.57977294921875,2.609144449234009
LEFT,18118509207215334066,1126,373.1502380371094,220.27867126464844,2.6115310192108154
LEFT,18118509207215334066,1127,373.5584411621094,219.8813934326172,2.613433837890625
LEFT,18118509207215334066,1253,387.8414306640625,178.9456787109375,2.752584218978882
LEFT,18118509207215334066,1128,373.8595886230469,219.58816528320312,2.6146271228790283
LEFT,18118509207215334066,1129,374.2565612792969,219.2012939453125,2.616494655609131
LEFT,18118509207215334066,1130,374.5512390136719,218.91395568847656,2.6186647415161133
LEFT,18118509207215334066,1132,374.9378051757813,218.5367126464844,2.621640682220459
LEFT,18118509207215334066,1135,375.8839111328125,217.611328125,2.6271443367004395
LEFT,18118509207215334066,1137,376.4395751953125,217.0657501220703,2.6297895908355717
LEFT,18118509207215334066,1138,376.8062744140625,216.7051544189453,2.6315484046936035
LEFT,18118509207215334066,1255,387.3591918945313,178.13739013671875,2.755424976348877
LEFT,18118509207215334066,1254,387.6364135742188,178.6015167236328,2.753688335418701
LEFT,18118509207215334066,1257,386.8605651855469,177.30374145507812,2.758578062057495
LEFT,18118509207215334066,1258,386.64306640625,176.9390106201172,2.759852886199951
LEFT,18118509207215334066,1259,386.4232482910156,176.5686798095703,2.761345386505127
LEFT,18118509207215334066,1260,386.2010803222656,176.19314575195312,2.7625582218170166
LEFT,18118509207215334066,1263,385.444580078125,174.9058380126953,2.7671170234680176
LEFT,18118509207215334066,1265,384.8993835449219,173.97262573242188,2.7692785263061523
LEFT,18118509207215334066,1266,384.5821533203125,173.42784118652344,2.770028829574585
LEFT,18118509207215334066,1271,383.2752075195313,171.16481018066406,2.768782615661621
LEFT,18118509207215334066,1272,382.9417724609375,170.57872009277344,2.767484188079834
LEFT,18118509207215334066,1275,382.1842651367188,169.22842407226562,2.7615673542022705
LEFT,18118509207215334066,1194,389.8533020019531,201.01510620117188,2.693544626235962
LEFT,18118509207215334066,1197,390.3317260742188,199.9500732421875,2.695961236953736
LEFT,18118509207215334066,1199,390.6639709472656,199.10317993164065,2.6974544525146484
LEFT,18118509207215334066,1201,390.960693359375,198.23927307128903,2.699576139450073
LEFT,18118509207215334066,1202,391.0771789550781,197.863525390625,2.700089454650879
LEFT,18118509207215334066,1209,391.7489929199219,194.8744964599609,2.706908941268921
LEFT,18118509207215334066,1210,391.8073120117188,194.4683074951172,2.708282232284546
LEFT,18118509207215334066,1213,391.9150390625,193.51028442382807,2.7109103202819824
LEFT,18118509207215334066,1214,391.958251953125,192.95556640625,2.7129507064819336
LEFT,18118509207215334066,1222,391.8725891113281,189.11546325683597,2.7233245372772217
LEFT,18118509207215334066,1226,391.611083984375,187.46519470214844,2.7277040481567383
LEFT,18118509207215334066,1103,364.7472534179688,228.39501953125,2.5457658767700195
LEFT,18118509207215334066,1106,365.9391784667969,227.24610900878903,2.558827638626098
LEFT,18118509207215334066,1110,367.7190856933594,225.53111267089844,2.5775437355041504
LEFT,18118509207215334066,1112,368.5743408203125,224.70687866210935,2.5843429565429688
LEFT,18118509207215334066,1114,369.2901611328125,224.01661682128903,2.589555025100708
LEFT,18118509207215334066,1100,363.3804931640625,229.71466064453125,2.5283758640289307
LEFT,18118509207215334066,1005,290.0679016113281,299.9472961425781,1.8964608907699585
LEFT,18118509207215334066,1008,293.765380859375,296.4483337402344,1.9093891382217407
LEFT,18118509207215334066,1011,296.6161193847656,293.7562561035156,1.929206371307373
LEFT,18118509207215334066,1012,298.22918701171875,292.2333374023437,1.932702898979187
LEFT,18118509207215334066,1013,299.4238586425781,291.1056823730469,1.9325134754180908
LEFT,18118509207215334066,1014,300.6049499511719,289.9910583496094,1.9330838918685915
LEFT,18118509207215334066,1015,301.7691345214844,288.8925170898437,1.9356008768081665
LEFT,18118509207215334066,1016,302.91748046875,287.8091125488281,1.9396828413009644
LEFT,18118509207215334066,1017,304.4230041503906,286.3887939453125,1.9466700553894043
LEFT,18118509207215334066,1021,308.0582580566406,282.9598388671875,1.973114013671875
LEFT,18118509207215334066,1023,310.1531066894531,280.9822692871094,1.9860832691192627
LEFT,18118509207215334066,1026,313.5016174316406,277.8139953613281,1.9955897331237795
LEFT,18118509207215334066,1028,315.7626037597656,275.6698303222656,2.005920648574829
LEFT,18118509207215334066,1097,361.9697570800781,231.07872009277344,2.509085178375244
LEFT,18118509207215334066,1098,362.3974914550781,230.6651153564453,2.5163333415985107
LEFT,18118509207215334066,1439,393.0054016113281,45.61581039428711,2.8083536624908447
LEFT,18118509207215334066,1440,393.6083068847656,44.86400604248047,2.812530040740967
LEFT,18118509207215334066,1410,379.1422424316406,68.21947479248047,2.7460217475891118
LEFT,18118509207215334066,1414,380.942626953125,64.49378204345703,2.7470638751983643
LEFT,18118509207215334066,1416,381.9696350097656,62.5109977722168,2.75947380065918
LEFT,18118509207215334066,1418,383.0345458984375,60.54197311401367,2.7662878036499023
LEFT,18118509207215334066,1420,383.9770202636719,58.86857604980469,2.7617249488830566
LEFT,18118509207215334066,1426,386.816650390625,54.21466445922852,2.765594959259033
LEFT,18118509207215334066,1427,387.5205993652344,53.141639709472656,2.7704079151153564
LEFT,18118509207215334066,1428,388.0574340820313,52.34214019775391,2.773893356323242
LEFT,18118509207215334066,1436,391.04248046875,48.16017532348633,2.7970452308654785
LEFT,18118509207215334066,1505,441.3649291992188,-0.27431246638298035,3.070309638977051
LEFT,18118509207215334066,1509,445.528564453125,-3.8873660564422607,3.0961484909057617
LEFT,18118509207215334066,1511,447.63519287109375,-5.728051662445068,3.1120197772979736
LEFT,18118509207215334066,1514,449.7530822753906,-7.587207317352295,3.123541116714477
LEFT,18118509207215334066,1515,450.6632385253906,-8.389479637145996,3.1266915798187256
LEFT,18118509207215334066,1664,584.8378295898438,-146.83946228027344,3.1904520988464355
LEFT,18118509207215334066,1262,385.6743469238281,175.29806518554688,2.7656683921813965
LEFT,18118509207215334066,1264,385.1348571777344,174.37608337402344,2.7685670852661133
LEFT,18118509207215334066,1267,384.34130859375,173.01353454589844,2.7699878215789795
LEFT,18118509207215334066,1268,384.0986328125,172.59487915039062,2.7697973251342773
LEFT,18118509207215334066,1270,383.5242309570313,171.59930419921875,2.769333839416504
LEFT,18118509207215334066,1273,382.6900634765625,170.1331787109375,2.765333890914917
LEFT,18118509207215334066,1274,382.437744140625,169.68336486816406,2.7629928588867188
LEFT,18118509207215334066,1277,381.6746826171875,168.3030548095703,2.7594714164733887
LEFT,18118509207215334066,1279,381.16302490234375,167.3581085205078,2.7544546127319336
LEFT,18118509207215334066,1283,380.3088073730469,165.74087524414062,2.7398393154144287
LEFT,18118509207215334066,1475,417.1343994140625,20.555700302124023,2.950750827789306
LEFT,18118509207215334066,1476,417.87255859375,19.89628028869629,2.9548275470733643
LEFT,18118509207215334066,1479,420.5376281738281,17.549072265625,2.969512701034546
LEFT,18118509207215334066,1480,421.27545166015625,16.906139373779297,2.972571849822998
LEFT,18118509207215334066,1481,422.2658996582031,16.046939849853516,2.976990222930908
LEFT,18118509207215334066,1494,432.1172180175781,7.633889675140381,3.0159904956817627
LEFT,18118509207215334066,1018,305.53240966796875,285.34234619140625,1.953862190246582
LEFT,18118509207215334066,1019,306.9880676269531,283.9693908691406,1.9644880294799805
LEFT,18118509207215334066,1022,309.1134033203125,281.9642028808594,1.980629801750183
LEFT,18118509207215334066,1024,311.1749267578125,280.0163269042969,1.98966383934021
LEFT,18118509207215334066,1025,312.51397705078125,278.74932861328125,1.992406964302063
LEFT,18118509207215334066,1027,314.80084228515625,276.58233642578125,2.001349449157715
LEFT,18118509207215334066,1034,320.12579345703125,271.5203552246094,2.020948886871338
LEFT,18118509207215334066,1035,321.038330078125,270.65106201171875,2.0243706703186035
LEFT,18118509207215334066,1252,388.1090698242188,179.3966064453125,2.7513580322265625
LEFT,18118509207215334066,1668,589.0361938476562,-151.90032958984375,3.1746459007263184
LEFT,18118509207215334066,1675,595.9048461914062,-160.28225708007812,3.138867139816284
LEFT,18118509207215334066,1678,597.9849243164062,-162.8510284423828,3.1307404041290283
LEFT,18118509207215334066,1009,295.3990478515625,294.9054260253906,1.9216161966323853
LEFT,18118509207215334066,1465,410.0540771484375,27.181440353393555,2.9075350761413574
LEFT,18118509207215334066,1467,411.6773986816406,25.60877799987793,2.9183292388916016
LEFT,18118509207215334066,1469,413.3185729980469,24.05318260192871,2.932542085647583
LEFT,18118509207215334066,1471,414.9773559570313,22.513103485107425,2.941482782363892
LEFT,18118509207215334066,1472,415.69281005859375,21.858381271362305,2.944401741027832
LEFT,18118509207215334066,1474,416.41217041015625,21.2058048248291,2.947479009628296
LEFT,18118509207215334066,1490,428.251953125,10.91765308380127,3.0134389400482178
LEFT,18118509207215334066,1492,430.1678161621094,9.289217948913574,3.016178607940674
LEFT,18118509207215334066,1495,432.9640808105469,6.914702415466309,3.018479824066162
LEFT,18118509207215334066,1496,433.81689453125,6.190203666687012,3.0230891704559326
LEFT,18118509207215334066,1343,368.8011779785156,125.7074737548828,2.544353008270264
LEFT,18118509207215334066,1345,368.6912536621094,124.0685577392578,2.550366163253784
LEFT,18118509207215334066,1346,368.6326293945313,122.96405029296876,2.5543994903564453
LEFT,18118509207215334066,1349,368.5373840332031,120.17454528808594,2.564671039581299
LEFT,18118509207215334066,1353,368.5146789550781,117.62252044677734,2.57040810585022
LEFT,18118509207215334066,1355,368.5383911132813,115.61197662353516,2.573452949523926
LEFT,18118509207215334066,1362,368.8269958496094,109.1792984008789,2.593888282775879
LEFT,18118509207215334066,1464,409.36468505859375,27.86028289794922,2.90419864654541
LEFT,18118509207215334066,894,149.35951232910156,435.1450500488281,2.785621404647827
LEFT,18118509207215334066,898,154.56900024414062,430.0880737304688,2.7573976516723637
LEFT,18118509207215334066,1029,316.713623046875,274.7666015625,2.010640859603882
LEFT,18118509207215334066,1031,317.9669189453125,273.5751342773437,2.01503324508667
LEFT,18118509207215334066,1032,318.89727783203125,272.68994140625,2.0175909996032715
LEFT,18118509207215334066,1037,323.1290283203125,268.6583251953125,2.03511381149292
LEFT,18118509207215334066,1039,325.1671142578125,266.7135925292969,2.0437397956848145
LEFT,18118509207215334066,1042,326.8744812011719,265.08258056640625,2.0487983226776123
LEFT,18118509207215334066,1043,327.71630859375,264.2777709960937,2.0519721508026123
LEFT,18118509207215334066,1044,328.5507507324219,263.4799194335937,2.0554392337799072
LEFT,18118509207215334066,1045,329.37677001953125,262.68975830078125,2.059768915176392
LEFT,18118509207215334066,1047,330.46759033203125,261.6458435058594,2.0672192573547363
LEFT,18118509207215334066,1499,436.6886596679688,3.7436139583587646,3.0402941703796387
LEFT,18118509207215334066,1500,437.5578002929688,3.0000669956207275,3.044354200363159
LEFT,18118509207215334066,1504,440.4801025390625,0.48907801508903503,3.06309175491333
LEFT,18118509207215334066,1506,442.54730224609375,-1.2968147993087769,3.0786616802215576
LEFT,18118509207215334066,1508,444.631591796875,-3.1061129570007324,3.089916229248047
LEFT,18118509207215334066,1510,446.4302978515625,-4.674319744110107,3.103189468383789
LEFT,18118509207215334066,1666,586.9489135742188,-149.37860107421875,3.18247127532959
LEFT,18118509207215334066,1669,589.9346313476562,-152.98866271972656,3.169029712677002
LEFT,18118509207215334066,1354,368.5205383300781,116.76232147216795,2.57163143157959
LEFT,18118509207215334066,1357,368.5857849121094,113.87345123291016,2.577119827270508
LEFT,18118509207215334066,1358,368.61859130859375,112.9969711303711,2.5801026821136475
LEFT,18118509207215334066,1602,528.4682006835938,-84.0121078491211,3.419649600982666
LEFT,18118509207215334066,1605,531.8738403320312,-87.64458465576172,3.4179880619049072
LEFT,18118509207215334066,1614,540.2898559570312,-96.59228515625,3.3968756198883057
LEFT,18118509207215334066,1615,541.2273559570312,-97.59317779541016,3.3941688537597656
LEFT,18118509207215334066,1622,547.1376953125,-103.96810913085938,3.375740766525269
LEFT,18118509207215334066,1627,552.3974609375,-109.74063110351562,3.349637269973755
LEFT,18118509207215334066,1630,555.1759643554688,-112.82362365722656,3.3332622051239014
LEFT,18118509207215334066,1632,557.3283081054688,-115.22211456298828,3.3226120471954346
LEFT,18118509207215334066,1671,592.0274047851562,-155.53431701660156,3.153984785079956
LEFT,18118509207215334066,1673,593.8189086914062,-157.72222900390625,3.144280433654785
LEFT,18118509207215334066,1674,595.0112915039062,-159.18409729003906,3.140714645385742
LEFT,18118509207215334066,1651,572.6961059570312,-132.60638427734375,3.247861623764038
LEFT,18118509207215334066,1660,580.6162719726562,-141.81690979003906,3.210514783859253
LEFT,18118509207215334066,1661,581.5244750976562,-142.89022827148438,3.2064239978790283
LEFT,18118509207215334066,1665,585.7401733398438,-147.9224090576172,3.1864984035491943
LEFT,18118509207215334066,1336,369.3559875488281,131.0258026123047,2.5320112705230717
LEFT,18118509207215334066,1339,369.0434875488281,128.3954315185547,2.5372579097747803
LEFT,18118509207215334066,1564,495.7205200195313,-50.01659393310547,3.293778657913208
LEFT,18118509207215334066,1565,496.6664123535156,-50.92985916137695,3.297413825988769
LEFT,18118509207215334066,1567,498.8664245605469,-53.07411193847656,3.307633876800537
LEFT,18118509207215334066,1573,502.3038635253906,-56.4851188659668,3.325537204742432
LEFT,18118509207215334066,1537,470.7443237304688,-26.915021896362305,3.209326267242432
LEFT,18118509207215334066,1540,473.8620910644531,-29.78414726257324,3.22331166267395
LEFT,18118509207215334066,1544,477.00885009765625,-32.65455627441406,3.231432676315308
LEFT,18118509207215334066,1547,480.1739196777344,-35.53444290161133,3.244126558303833
LEFT,18118509207215334066,1552,485.2578430175781,-40.18915557861328,3.264857292175293
LEFT,18118509207215334066,1566,497.9246215820313,-52.15251541137695,3.302854061126709
LEFT,18118509207215334066,1576,504.169189453125,-58.3661003112793,3.334249973297119
LEFT,18118509207215334066,1579,506.0284729003906,-60.26123428344727,3.3420419692993164
LEFT,18118509207215334066,1582,509.42138671875,-63.76628112792969,3.357457399368286
LEFT,18118509207215334066,1360,368.7172546386719,110.94860076904295,2.587925910949707
LEFT,18118509207215334066,1361,368.7691650390625,110.06543731689452,2.591183423995972
LEFT,18118509207215334066,1364,368.9613952636719,107.40145111083984,2.598952054977417
LEFT,18118509207215334066,1366,369.150146484375,105.32492065429688,2.605452537536621
LEFT,18118509207215334066,1368,369.3401184082031,103.54061889648438,2.6109066009521484
LEFT,18118509207215334066,1371,369.5952453613281,101.45524597167967,2.6133062839508057
LEFT,18118509207215334066,1373,369.8437194824219,99.6659927368164,2.6152803897857666
LEFT,18118509207215334066,1374,369.9786376953125,98.76949310302734,2.6176273822784424
LEFT,18118509207215334066,1597,523.2318725585938,-78.40855407714844,3.417093515396118
LEFT,18118509207215334066,1598,524.1536865234375,-79.39481353759766,3.418525695800781
LEFT,18118509207215334066,1600,526.3089599609375,-81.70272827148438,3.4194138050079346
LEFT,18118509207215334066,1531,465.5191650390625,-22.04059219360352,3.1871755123138428
LEFT,18118509207215334066,1535,468.8898315429688,-25.193574905395508,3.1998534202575684
LEFT,18118509207215334066,1536,469.8162841796875,-26.055116653442383,3.204124689102173
LEFT,18118509207215334066,1645,569.9368286132812,-129.44998168945312,3.260759830474853
LEFT,18118509207215334066,1397,375.2812805175781,77.56287384033203,2.694671154022217
LEFT,18118509207215334066,1398,375.604736328125,76.6773681640625,2.699047327041626
LEFT,18118509207215334066,1403,376.3921813964844,74.61894226074219,2.7105722427368164
LEFT,18118509207215334066,1411,379.54632568359375,67.35464477539062,2.7474374771118164
LEFT,18118509207215334066,1412,379.9561767578125,66.49383544921875,2.7461953163146973
LEFT,18118509207215334066,1413,380.515380859375,65.34772491455078,2.745304822921753
LEFT,18118509207215334066,1415,381.3777160644531,63.642677307128906,2.751504182815552
LEFT,18118509207215334066,1417,382.4214172363281,61.665653228759766,2.7642581462860107
LEFT,18118509207215334066,1624,548.998046875,-105.99938201904295,3.366433620452881
LEFT,18118509207215334066,1626,551.1611328125,-108.37657928466795,3.3561112880706787
LEFT,18118509207215334066,1628,553.322265625,-110.76438903808594,3.344240188598633
LEFT,18118509207215334066,1629,554.5656127929688,-112.14472198486328,3.336768388748169
LEFT,18118509207215334066,1635,560.4113159179688,-118.67221069335938,3.3082714080810547
LEFT,18118509207215334066,1641,566.8673706054688,-125.95687866210938,3.27518892288208
LEFT,18118509207215334066,1318,371.9421997070313,144.18707275390625,2.5571439266204834
LEFT,18118509207215334066,1321,371.5370788574219,142.58045959472656,2.5506303310394287
LEFT,18118509207215334066,1324,370.9906921386719,140.23751831054688,2.537243604660034
LEFT,18118509207215334066,1334,369.5734558105469,132.57559204101562,2.527491331100464
LEFT,18118509207215334066,1419,383.5011596679688,59.70502853393555,2.764623641967773
LEFT,18118509207215334066,1422,384.6223449707031,57.762184143066406,2.759476661682129
LEFT,18118509207215334066,1423,385.1167297363281,56.93516159057617,2.759286403656006
LEFT,18118509207215334066,1307,374.04345703125,151.20541381835938,2.6071536540985107
LEFT,18118509207215334066,1311,373.3418273925781,149.07070922851562,2.5892739295959477
LEFT,18118509207215334066,1313,372.941162109375,147.7645721435547,2.5809319019317627
LEFT,18118509207215334066,1316,372.3044738769531,145.5440216064453,2.5636966228485107
LEFT,18118509207215334066,1317,372.1216430664063,144.86843872070312,2.560101270675659
LEFT,18118509207215334066,1584,511.2682495117188,-65.69498443603516,3.36576509475708
LEFT,18118509207215334066,1585,512.1896362304688,-66.66228485107422,3.3703858852386475
LEFT,18118509207215334066,1588,514.0294799804688,-68.60243225097656,3.380599975585937
LEFT,18118509207215334066,1590,516.1773071289062,-70.87731170654297,3.390145063400269
LEFT,18118509207215334066,1592,518.3247680664062,-73.16236114501953,3.397481918334961
LEFT,18118509207215334066,1594,520.4701538085938,-75.4525146484375,3.406517744064331
LEFT,18118509207215334066,1617,542.1629028320312,-98.59510040283205,3.3920695781707764
LEFT,18118509207215334066,1619,544.0308837890625,-100.60197448730467,3.3881545066833496
LEFT,18118509207215334066,1620,545.275390625,-101.94563293457033,3.3839848041534424
LEFT,18118509207215334066,1621,546.20849609375,-102.95720672607422,3.3800344467163086
LEFT,18118509207215334066,1107,366.4572143554688,226.74696350097656,2.5642459392547607
LEFT,18118509207215334066,1108,366.84027099609375,226.3778381347656,2.56806755065918
LEFT,18118509207215334066,1109,367.3455200195313,225.89117431640625,2.5734217166900635
LEFT,18118509207215334066,1111,368.0881042480469,225.1756134033203,2.580770254135132
LEFT,18118509207215334066,1113,368.9339904785156,224.3602294921875,2.587077140808105
LEFT,18118509207215334066,1117,370.3338317871094,223.0087738037109,2.595702648162842
LEFT,18118509207215334066,1124,372.52587890625,220.8848419189453,2.606453418731689
LEFT,18118509207215334066,1133,375.2249145507813,218.2562561035156,2.6232941150665283
LEFT,18118509207215334066,1134,375.509033203125,217.9783172607422,2.624828577041626
LEFT,18118509207215334066,1136,376.1627197265625,217.337646484375,2.62874436378479
LEFT,18118509207215334066,1139,377.0788269042969,216.4364013671875,2.633577346801758
LEFT,18118509207215334066,1152,380.1936950683594,213.3457489013672,2.6502907276153564
LEFT,18118509207215334066,1158,381.95751953125,211.56678771972656,2.66201114654541
LEFT,18118509207215334066,1160,382.57080078125,210.9331512451172,2.6646523475646973
LEFT,18118509207215334066,1162,382.83203125,210.6587371826172,2.666518211364746
LEFT,18118509207215334066,1165,383.77685546875,209.6358642578125,2.6710634231567383
LEFT,18118509207215334066,1173,385.6791076660156,207.40005493164065,2.674813747406006
LEFT,18118509207215334066,1176,386.4710998535156,206.38723754882807,2.676405191421509
LEFT,18118509207215334066,6132,143.94309997558594,440.0278930664063,2.817300796508789
LEFT,18118509207215334066,1539,472.6125183105469,-28.637845993041992,3.2191195487976074
LEFT,18118509207215334066,1542,476.0626525878906,-31.793190002441406,3.2285780906677246
LEFT,18118509207215334066,1545,477.9580993652344,-33.518104553222656,3.2349276542663574
LEFT,18118509207215334066,1549,482.0783386230469,-37.27149200439453,3.2515835762023926
LEFT,18118509207215334066,1550,483.0377197265625,-38.14958953857422,3.25537371635437
LEFT,18118509207215334066,1551,483.9879150390625,-39.02093505859375,3.2593774795532227
LEFT,18118509207215334066,1556,488.4326477050781,-43.12904739379883,3.273945569992065
LEFT,18118509207215334066,1557,489.3862609863281,-44.01811981201172,3.2763442993164062
LEFT,18118509207215334066,1558,490.3398742675781,-44.91067886352539,3.278952121734619
LEFT,18118509207215334066,1559,491.6069641113281,-46.10100555419922,3.2820162773132324
LEFT,18118509207215334066,1562,494.4578247070313,-48.80553817749024,3.289656639099121
LEFT,18118509207215334066,1178,386.9357299804688,205.7660217285156,2.6762869358062744
LEFT,18118509207215334066,1179,387.2395935058594,205.34629821777344,2.677235841751098
LEFT,18118509207215334066,1185,388.1917724609375,203.9490509033203,2.6823978424072266
LEFT,18118509207215334066,1187,388.6078796386719,203.28775024414065,2.684293031692505
LEFT,18118509207215334066,1502,439.3066101074219,1.499321460723877,3.0537776947021484
LEFT,18118509207215334066,1507,443.4386596679688,-2.069517135620117,3.08331036567688
LEFT,18118509207215334066,1512,448.5415954589844,-6.522721290588379,3.117619276046753
LEFT,18118509207215334066,1517,452.79290771484375,-10.275177001953123,3.130699157714844
LEFT,18118509207215334066,1522,457.639892578125,-14.675061225891112,3.150052785873413
LEFT,18118509207215334066,1526,460.662841796875,-17.484375,3.166074275970459
LEFT,18118509207215334066,1528,462.4800415039063,-19.18674659729004,3.173625946044922
LEFT,18118509207215334066,1530,464.6040344238281,-21.18136405944824,3.182881116867065
LEFT,18118509207215334066,1532,466.74017333984375,-23.1854248046875,3.1924045085906982
LEFT,18118509207215334066,1534,467.6607360839844,-24.046924591064453,3.1954753398895264
LEFT,18118509207215334066,1538,471.6766357421875,-27.77610969543457,3.214691162109375
LEFT,18118509207215334066,1367,369.2419128417969,104.43304443359376,2.6083383560180664
LEFT,18118509207215334066,1372,369.7159729003906,100.56124114990234,2.6142141819000244
LEFT,18118509207215334066,1375,370.16888427734375,97.57646942138672,2.62395453453064
LEFT,18118509207215334066,1379,370.8678588867188,93.68758392333984,2.639819622039795
LEFT,18118509207215334066,1382,371.23388671875,91.88655853271484,2.6440963745117188
LEFT,18118509207215334066,1384,371.6964416503906,89.78963470458984,2.651202917098999
LEFT,18118509207215334066,1386,372.1998291015625,87.69441986083984,2.655336856842041
LEFT,18118509207215334066,1388,372.74700927734375,85.598388671875,2.6587631702423096
LEFT,18118509207215334066,1394,374.2643127441406,80.52635192871094,2.680527925491333
LEFT,18118509207215334066,1395,374.5601196289063,79.6340103149414,2.684900045394897
LEFT,18118509207215334066,1363,368.8911437988281,108.29009246826172,2.596489191055298
LEFT,18118509207215334066,1312,373.1396179199219,148.41986083984375,2.5849416255950928
LEFT,18118509207215334066,1315,372.49127197265625,146.21620178222656,2.567726850509644
LEFT,18118509207215334066,1325,370.7826843261719,139.28140258789062,2.5305800437927246
LEFT,18118509207215334066,1327,370.484375,137.8302001953125,2.523704767227173
LEFT,18118509207215334066,1483,423.0179443359375,15.397085189819336,2.980910062789917
LEFT,18118509207215334066,1485,423.7778930664063,14.742337226867676,2.985405921936035
LEFT,18118509207215334066,1486,424.8061828613281,13.859283447265623,2.9924800395965576
LEFT,18118509207215334066,1286,379.4507446289063,164.05836486816406,2.7153875827789307
LEFT,18118509207215334066,1302,375.245361328125,154.5063018798828,2.6379048824310303
LEFT,18118509207215334066,1304,374.7085266113281,153.07937622070312,2.6264896392822266
LEFT,18118509207215334066,1306,374.2616882324219,151.8353271484375,2.6124041080474854
LEFT,18118509207215334066,1308,373.8290100097656,150.57025146484375,2.602940082550049
LEFT,18118509207215334066,1487,425.5887756347656,13.189119338989258,2.998056173324585
LEFT,18118509207215334066,1488,426.3787231445313,12.513959884643556,3.003226518630981
LEFT,18118509207215334066,1489,427.4430847167969,11.606253623962402,3.009660005569458
LEFT,18118509207215334066,1491,429.3416442871094,9.991186141967772,3.0158843994140625
LEFT,18118509207215334066,1493,431.2756042480469,8.348441123962402,3.0154969692230225
LEFT,18118509207215334066,1497,434.6741333007813,5.461279392242432,3.028578281402588
LEFT,18118509207215334066,1498,435.822509765625,4.48310661315918,3.035688638687134
LEFT,18118509207215334066,1501,438.43109130859375,2.2513530254364014,3.048588991165161
LEFT,18118509207215334066,1303,375.0137634277344,153.8986053466797,2.6338679790496826
LEFT,18118509207215334066,1305,374.4834899902344,152.45989990234375,2.6198880672454834
LEFT,18118509207215334066,1518,453.7084045410156,-11.08935260772705,3.132694721221924
LEFT,18118509207215334066,1521,456.734619140625,-13.841634750366213,3.1448655128479004
LEFT,18118509207215334066,1524,458.849853515625,-15.795390129089355,3.1570968627929688
LEFT,18118509207215334066,1529,463.3885498046875,-20.03988075256348,3.177380323410034
LEFT,18118509207215334066,1541,474.8040771484375,-30.64547538757324,3.225537776947021
LEFT,18118509207215334066,1546,479.2232360839844,-34.669124603271484,3.2401442527771
LEFT,18118509207215334066,1548,481.1261901855469,-36.4023666381836,3.2479522228240967
LEFT,18118509207215334066,1554,486.2080383300781,-41.06597518920898,3.268231153488159
LEFT,18118509207215334066,1555,487.1626281738281,-41.94927978515625,3.2707834243774414
LEFT,18118509207215334066,1560,492.5579223632813,-46.99909591674805,3.2842931747436523
LEFT,18118509207215334066,1561,493.5090942382813,-47.90109634399414,3.286926507949829
LEFT,18118509207215334066,1581,508.1900939941406,-62.48835372924805,3.351905107498169
LEFT,18118509207215334066,1586,513.1124877929688,-67.63444519042969,3.375507354736328
LEFT,18118509207215334066,1589,515.2570190429688,-69.90185546875,3.386455535888672
LEFT,18118509207215334066,1593,519.5560913085938,-74.47606658935547,3.402274370193481
LEFT,18118509207215334066,1595,521.3890991210938,-76.43560791015625,3.4108383655548096
LEFT,18118509207215334066,1596,522.3109741210938,-77.42235565185547,3.4146010875701904
LEFT,18118509207215334066,1601,527.5414428710938,-83.0217514038086,3.419461965560913
LEFT,18118509207215334066,1604,530.6336059570312,-86.32356262207031,3.4195425510406494
LEFT,18118509207215334066,1607,532.8095092773438,-88.63990020751953,3.415896415710449
LEFT,18118509207215334066,1610,535.9208374023438,-91.94552612304688,3.4080512523651123
LEFT,18118509207215334066,1613,539.0418090820312,-95.26199340820312,3.4010653495788574
LEFT,18118509207215334066,1285,379.7939147949219,164.73941040039062,2.728034496307373
LEFT,18118509207215334066,1288,378.8522338867188,162.83863830566406,2.702284336090088
LEFT,18118509207215334066,1289,378.5968627929688,162.30612182617188,2.698407888412476
LEFT,18118509207215334066,1292,378.0064697265625,161.04306030273438,2.6838839054107666
LEFT,18118509207215334066,1293,377.7554321289063,160.4927215576172,2.6789369583129883
LEFT,18118509207215334066,1294,377.42291259765625,159.75198364257812,2.6746609210968018
LEFT,18118509207215334066,1296,376.8453369140625,158.43174743652344,2.6644833087921143
LEFT,18118509207215334066,1298,376.2757873535156,157.08364868164062,2.65503454208374
LEFT,18118509207215334066,1300,375.7162780761719,155.70765686035156,2.6460037231445312
LEFT,18118509207215334066,1038,324.01080322265625,267.8172607421875,2.039198398590088
LEFT,18118509207215334066,1040,326.0244445800781,265.89483642578125,2.0464913845062256
LEFT,18118509207215334066,1049,331.27752685546875,260.87030029296875,2.07248854637146
LEFT,18118509207215334066,1052,333.9408569335937,258.318359375,2.0899221897125244
LEFT,18118509207215334066,1053,334.730224609375,257.56121826171875,2.095816135406494
LEFT,18118509207215334066,1055,336.5543518066406,255.80859375,2.11240816116333
LEFT,18118509207215334066,1060,340.8805236816406,251.6287841796875,2.156493663787842
LEFT,18118509207215334066,1061,341.6285400390625,250.9029541015625,2.167787313461304
LEFT,18118509207215334066,1063,343.12310791015625,249.44998168945312,2.191739797592163
LEFT,18118509207215334066,1065,344.7928161621094,247.82318115234372,2.2211875915527344
LEFT,18118509207215334066,1516,451.57562255859375,-9.195978164672852,3.1288015842437744
LEFT,18118509207215334066,1519,454.918212890625,-12.186076164245604,3.135347604751587
LEFT,18118509207215334066,1520,455.826416015625,-13.012052536010742,3.1393959522247314
LEFT,18118509207215334066,1525,459.754638671875,-16.636802673339844,3.161826610565185
LEFT,18118509207215334066,1527,461.570068359375,-18.33317375183105,3.169907569885254
LEFT,18118509207215334066,960,233.7949676513672,353.9725341796875,2.229383945465088
LEFT,18118509207215334066,962,236.31021118164065,351.5301513671875,2.217252731323242
LEFT,18118509207215334066,964,239.2467498779297,348.6767883300781,2.2032253742218018
LEFT,18118509207215334066,950,222.0664825439453,365.2980346679688,2.296963214874268
LEFT,18118509207215334066,951,223.3242034912109,364.09088134765625,2.285794496536255
LEFT,18118509207215334066,954,227.0947113037109,360.4605712890625,2.2634921073913574
LEFT,18118509207215334066,955,228.34934997558597,359.2486572265625,2.259309768676758
LEFT,18118509207215334066,956,229.60765075683597,358.0316162109375,2.253900051116944
LEFT,18118509207215334066,957,230.8618011474609,356.8172607421875,2.246621608734131
LEFT,18118509207215334066,961,235.0516357421875,352.7528076171875,2.223412275314331
LEFT,18118509207215334066,1250,388.4977111816406,180.05809020996094,2.7493553161621094
LEFT,18118509207215334066,1251,388.3050537109375,179.72886657714844,2.7504379749298096
LEFT,18118509207215334066,1153,380.546875,212.99212646484372,2.652161836624145
LEFT,18118509207215334066,1154,380.8116760253906,212.72657775878903,2.653801918029785
LEFT,18118509207215334066,1155,381.07666015625,212.4600982666016,2.655987024307251
LEFT,18118509207215334066,1156,381.341796875,212.1928253173828,2.657819986343384
LEFT,18118509207215334066,1163,383.177734375,210.29019165039065,2.6687228679656982
LEFT,18118509207215334066,1164,383.435546875,210.01104736328125,2.669893980026245
LEFT,18118509207215334066,1166,384.031005859375,209.3517303466797,2.671781301498413
LEFT,18118509207215334066,1169,384.8656311035156,208.3880920410156,2.673633813858032
LEFT,18118509207215334066,1172,385.3563537597656,207.79786682128903,2.6741437911987305
LEFT,18118509207215334066,1183,387.6868286132813,204.7073516845703,2.680154800415039
LEFT,18118509207215334066,1188,388.8097534179688,202.95306396484372,2.6861696243286133
LEFT,18118509207215334066,889,142.97946166992188,441.3478698730469,2.824558019638061
LEFT,18118509207215334066,891,145.36834716796875,439.0237426757813,2.804854393005371
LEFT,18118509207215334066,893,148.1615447998047,436.3086242675781,2.790553092956543
LEFT,18118509207215334066,896,152.16256713867188,432.42291259765625,2.771368265151977
LEFT,18118509207215334066,939,207.4122314453125,379.2743225097656,2.3942694664001465
LEFT,18118509207215334066,943,211.5960998535156,375.2947998046875,2.379425048828125
LEFT,18118509207215334066,946,216.1992950439453,370.909912109375,2.347914695739746
LEFT,18118509207215334066,948,219.1328887939453,368.1075439453125,2.325390100479126
LEFT,18118509207215334066,952,224.5795745849609,362.8841552734375,2.2758612632751465
LEFT,18118509207215334066,953,225.8378753662109,361.6726684570313,2.268383026123047
LEFT,18118509207215334066,958,232.1262664794922,355.5916748046875,2.238587617874145
LEFT,18118509207215334066,915,177.2454071044922,408.1495666503906,2.614816665649414
LEFT,18118509207215334066,916,178.47555541992188,406.9637145996094,2.6106162071228027
LEFT,18118509207215334066,917,180.10647583007812,405.3924255371094,2.597678899765014
LEFT,18118509207215334066,918,181.3350372314453,404.2093200683594,2.5858852863311768
LEFT,18118509207215334066,919,182.56536865234372,403.0252380371094,2.5771243572235107
LEFT,18118509207215334066,925,188.73159790039065,397.099853515625,2.532026052474976
LEFT,18118509207215334066,927,191.6193389892578,394.3294677734375,2.4933865070343018
LEFT,18118509207215334066,928,192.85919189453125,393.1429443359375,2.482719659805298
LEFT,18118509207215334066,929,194.5144500732422,391.5614013671875,2.4746413230896
LEFT,18118509207215334066,931,195.7586212158203,390.3739013671875,2.471919536590576
LEFT,18118509207215334066,932,197.4175567626953,388.7918395996094,2.4682233333587646
LEFT,18118509207215334066,933,198.6646881103516,387.6021728515625,2.4610495567321777
LEFT,18118509207215334066,934,200.32815551757807,386.0165100097656,2.445094347000122
LEFT,18118509207215334066,935,201.57546997070312,384.8280334472656,2.432903528213501
LEFT,18118509207215334066,936,203.239501953125,383.2435607910156,2.4173004627227783
LEFT,18118509207215334066,1442,395.040283203125,43.12701034545898,2.819552183151245
LEFT,18118509207215334066,1444,396.2962036132813,41.65594100952149,2.824819326400757
LEFT,18118509207215334066,1445,396.9278869628906,40.93260955810547,2.827927350997925
LEFT,18118509207215334066,1448,399.0790710449219,38.53667449951172,2.843932628631592
LEFT,18118509207215334066,1450,400.3919982910156,37.11663818359375,2.8558690547943115
LEFT,18118509207215334066,1430,389.1532287597656,50.75851440429688,2.784559488296509
LEFT,18118509207215334066,1437,391.6239013671875,47.3909797668457,2.8012595176696777
LEFT,18118509207215334066,1438,392.2112731933594,46.62712097167969,2.804166316986084
LEFT,18118509207215334066,1446,397.78216552734375,39.96967697143555,2.833279848098755
LEFT,18118509207215334066,1447,398.42816162109375,39.25186920166016,2.8387680053710938
LEFT,18118509207215334066,1451,401.2716979980469,36.17869186401367,2.866029977798462
LEFT,18118509207215334066,1452,401.9350891113281,35.47623062133789,2.8730475902557373
LEFT,18118509207215334066,1455,403.4917602539063,33.84304428100586,2.8853626251220703
LEFT,18118509207215334066,1456,404.1627807617188,33.14481735229492,2.889207363128662
LEFT,18118509207215334066,1466,410.7479248046875,26.504892349243164,2.911501169204712
LEFT,18118509207215334066,1468,412.3780822753906,24.940654754638672,2.924985647201538
LEFT,18118509207215334066,1634,559.4855346679688,-117.63465118408205,3.3128035068511963
LEFT,18118509207215334066,1636,561.6398315429688,-120.05291748046876,3.3015365600585938
LEFT,18118509207215334066,1637,562.5626831054688,-121.0912628173828,3.29626727104187
LEFT,18118509207215334066,1638,563.7931518554688,-122.47896575927734,3.289579391479492
LEFT,18118509207215334066,1639,564.7150268554688,-123.5198745727539,3.2850914001464844
LEFT,18118509207215334066,1640,565.6388549804688,-124.56427001953124,3.2808468341827397
LEFT,18118509207215334066,1642,567.7892456054688,-127.00413513183594,3.2708725929260254
LEFT,18118509207215334066,1647,570.8567504882812,-130.5001983642578,3.256385326385498
LEFT,18118509207215334066,1656,577.58203125,-138.2560577392578,3.226912021636963
LEFT,18118509207215334066,1657,578.4942016601562,-139.322509765625,3.222086191177368
LEFT,18118509207215334066,1662,582.731201171875,-144.3227081298828,3.2010066509246826
LEFT,18118509207215334066,874,125.5627670288086,458.2648315429688,2.9513163566589355
LEFT,18118509207215334066,875,126.75750732421876,457.1095886230469,2.9481003284454346
LEFT,18118509207215334066,880,133.8583526611328,450.2232360839844,2.9037368297576904
LEFT,18118509207215334066,883,135.04750061035156,449.06689453125,2.894448757171631
LEFT,18118509207215334066,884,136.6280517578125,447.52978515625,2.884834051132202
LEFT,18118509207215334066,1050,332.0823974609375,260.09942626953125,2.0777177810668945
LEFT,18118509207215334066,966,241.76661682128903,346.229248046875,2.1864333152771
LEFT,18118509207215334066,1569,500.1198425292969,-54.30943298339844,3.3143277168273926
LEFT,18118509207215334066,1571,501.0568237304688,-55.23931121826172,3.3192856311798096
LEFT,18118509207215334066,900,156.98118591308594,427.749755859375,2.750770092010498
LEFT,18118509207215334066,905,163.8362579345703,421.1079406738281,2.7147891521453857
LEFT,18118509207215334066,906,165.0511932373047,419.9316711425781,2.7064809799194336
LEFT,18118509207215334066,908,167.88345336914062,417.1898498535156,2.683435678482056
LEFT,18118509207215334066,911,172.35055541992188,412.8714904785156,2.645887851715088
LEFT,18118509207215334066,921,183.7966766357422,401.8414916992188,2.57236123085022
LEFT,18118509207215334066,922,185.0293731689453,400.6568603515625,2.569844007492065
LEFT,18118509207215334066,923,186.26187133789065,399.472412109375,2.5631473064422607
LEFT,18118509207215334066,924,187.495361328125,398.286865234375,2.549992561340332
LEFT,18118509207215334066,926,190.3797149658203,395.5179443359375,2.5080153942108154
LEFT,18118509207215334066,937,204.4926300048828,382.0511779785156,2.406700611114502
LEFT,18118509207215334066,967,243.45030212402344,344.5948486328125,2.172262191772461
LEFT,18118509207215334066,970,245.977294921875,342.1454467773437,2.1511266231536865
LEFT,18118509207215334066,978,257.416748046875,331.10675048828125,2.041828155517578
LEFT,18118509207215334066,983,261.6841735839844,327.01885986328125,2.033393144607544
LEFT,18118509207215334066,986,265.9594116210937,322.9278869628906,1.9959120750427248
LEFT,18118509207215334066,987,267.26513671875,321.679931640625,1.9861541986465452
LEFT,18118509207215334066,988,268.9590148925781,320.061767578125,1.980823040008545
LEFT,18118509207215334066,989,270.2436828613281,318.8345947265625,1.9782135486602783
LEFT,18118509207215334066,995,277.5150146484375,311.8946533203125,1.9477789402008057
LEFT,18118509207215334066,998,281.7440490722656,307.8638000488281,1.934432029724121
LEFT,18118509207215334066,999,283.0014953613281,306.66656494140625,1.9347891807556152
LEFT,18118509207215334066,1006,291.30633544921875,298.7740173339844,1.8958297967910769
LEFT,18118509207215334066,1007,292.5366516113281,297.60986328125,1.90093994140625
LEFT,18118509207215334066,1470,414.02734375,23.391305923461918,2.936950206756592
LEFT,18118509207215334066,1477,418.8289489746094,19.048498153686523,2.960697650909424
LEFT,18118509207215334066,1478,419.5594787597656,18.40540313720703,2.964892864227295
LEFT,18118509207215334066,1454,402.6015625,34.774559020996094,2.878936529159546
LEFT,18118509207215334066,1462,408.6778564453125,28.54279518127441,2.902920722961426
LEFT,18118509207215334066,1074,350.1446228027344,242.5879821777344,2.307370901107788
LEFT,18118509207215334066,1075,350.7666015625,241.97933959960935,2.320467710494995
LEFT,18118509207215334066,1077,352.1699523925781,240.60617065429688,2.3440425395965576
LEFT,18118509207215334066,1078,352.75054931640625,240.0384979248047,2.351708173751831
LEFT,18118509207215334066,1079,353.3187866210937,239.4833526611328,2.359158515930176
LEFT,18118509207215334066,1081,354.5951843261719,238.2384033203125,2.379701852798462
LEFT,18118509207215334066,1083,355.1236267089844,237.7235870361328,2.3897299766540527
LEFT,18118509207215334066,1084,355.807373046875,237.05792236328125,2.402361392974853
LEFT,18118509207215334066,1085,356.3091125488281,236.56968688964844,2.4110448360443115
LEFT,18118509207215334066,1087,357.4450988769531,235.4651031494141,2.4307045936584477
LEFT,18118509207215334066,1088,357.918701171875,235.00489807128903,2.438796281814575
LEFT,18118509207215334066,1089,358.3875427246094,234.54959106445312,2.446306705474853
LEFT,18118509207215334066,1091,359.46063232421875,233.50827026367188,2.464750289916992
LEFT,18118509207215334066,1093,360.0632019042969,232.9242706298828,2.4759154319763184
LEFT,18118509207215334066,1095,360.9530334472656,232.06239318847656,2.490995407104492
LEFT,18118509207215334066,1096,361.5364990234375,231.4976959228516,2.500800371170044
LEFT,18118509207215334066,1070,348.21588134765625,244.4750061035156,2.2698159217834477
LEFT,18118509207215334066,1071,348.8678894042969,243.83680725097656,2.281161069869995
LEFT,18118509207215334066,1073,349.5093994140625,243.20933532714844,2.294505834579468
LEFT,18118509207215334066,1003,287.1711730957031,302.6983642578125,1.9185469150543213
LEFT,18118509207215334066,1004,288.8290100097656,301.1229248046875,1.9036829471588133
LEFT,18118509207215334066,1115,369.6416931152344,223.67730712890625,2.591737985610962
LEFT,18118509207215334066,1116,369.9897766113281,223.34109497070312,2.593880414962769
LEFT,18118509207215334066,1118,370.6737365722656,222.67999267578125,2.5975985527038574
LEFT,18118509207215334066,1119,371.0097351074219,222.35476684570312,2.599226951599121
LEFT,18118509207215334066,1120,371.3419799804688,222.03298950195312,2.600375175476074
LEFT,18118509207215334066,1122,371.7783508300781,221.6099853515625,2.602089166641236
LEFT,18118509207215334066,1069,347.552978515625,245.12405395507807,2.261042594909668
LEFT,18118509207215334066,1076,351.5770263671875,241.1862945556641,2.3355371952056885
LEFT,18118509207215334066,1080,353.8744201660156,238.94113159179688,2.3670494556427
LEFT,18118509207215334066,1086,356.9638061523437,235.9329833984375,2.422426223754883
LEFT,18118509207215334066,1090,359.0028381347656,233.95233154296875,2.456766366958618
LEFT,18118509207215334066,1094,360.5107421875,232.49072265625,2.4837539196014404
LEFT,18118509207215334066,1099,362.8225402832031,230.25405883789065,2.521697759628296
LEFT,18118509207215334066,1101,363.7959899902344,229.31333923339844,2.534053325653076
LEFT,18118509207215334066,1102,364.2060241699219,228.9174041748047,2.5395679473876958
LEFT,18118509207215334066,1104,365.14849853515625,228.0081024169922,2.5497212409973145
LEFT,18118509207215334066,1105,365.5462646484375,227.6248016357422,2.5541579723358154
LEFT,18118509207215334066,992,273.2467346191406,315.967529296875,1.9665509462356567
LEFT,18118509207215334066,993,274.531982421875,314.740966796875,1.9609367847442627
LEFT,18118509207215334066,994,276.239990234375,313.1111755371094,1.9540029764175413
LEFT,18118509207215334066,996,278.7901306152344,310.6784973144531,1.9410353899002075
LEFT,18118509207215334066,997,280.0699462890625,309.45855712890625,1.9365090131759644
LEFT,18118509207215334066,1001,284.2568664550781,305.4716186523437,1.933901071548462
LEFT,18118509207215334066,1002,285.9256591796875,303.88336181640625,1.9278130531311035
LEFT,18118509207215334066,1457,404.8329162597656,32.45112991333008,2.8924896717071533
LEFT,18118509207215334066,1458,405.5077209472656,31.75575256347656,2.895124673843384
LEFT,18118509207215334066,1459,406.4089965820313,30.832632064819336,2.897732973098755
LEFT,18118509207215334066,1460,407.0864868164063,30.14350128173828,2.899311780929565
LEFT,18118509207215334066,1461,407.9944152832031,29.227048873901367,2.9012603759765625
LEFT,18118509207215334066,901,158.59091186523438,426.189697265625,2.7444212436676025
LEFT,18118509207215334066,902,159.79922485351562,425.018798828125,2.7380921840667725
LEFT,18118509207215334066,903,161.41244506835938,423.45599365234375,2.729249954223633
LEFT,18118509207215334066,904,162.623291015625,422.2828063964844,2.722340583801269
LEFT,18118509207215334066,907,166.66839599609375,418.3657531738281,2.694020748138428
LEFT,18118509207215334066,909,169.50711059570312,415.6195373535156,2.6696231365203857
LEFT,18118509207215334066,910,170.72496032714844,414.4422912597656,2.659813165664673
LEFT,18118509207215334066,912,173.5731658935547,411.6913146972656,2.6348671913146973
LEFT,18118509207215334066,913,174.7955780029297,410.5113830566406,2.6247544288635254
LEFT,18118509207215334066,914,176.0203094482422,409.3302307128906,2.6186306476593018
LEFT,18118509207215334066,870,121.62169647216795,462.06842041015625,2.980060338973999
LEFT,18118509207215334066,877,129.51083374023438,454.4437255859375,2.937087059020996
LEFT,18118509207215334066,879,132.27659606933594,451.7603454589844,2.917126178741455
LEFT,18118509207215334066,885,137.81661987304688,446.3735961914063,2.879365921020508
